two_T_ms,omega_bin_low_mrad_s,omega_bin_high_mrad_s,n_shots,sigma_robust_ug
10.0,0,5,720,10.710791031188199
10.0,5,20,0,nan
10.0,20,50,481,11.79054560183143
10.0,50,100,482,17.51600847067156
10.0,100,150,241,21.03392730232365
10.0,150,200,0,nan
10.0,200,250,0,nan
10.0,250,400,0,nan
12.0,0,5,24,12.46910044092385
12.0,5,20,118,41.629046934962304
12.0,20,50,173,35.804518130478726
12.0,50,100,132,12.974644714201316
12.0,100,150,43,3.2099365035121044
12.0,150,200,10,2.2627978563074373
12.0,200,250,0,nan
12.0,250,400,0,nan
14.0,0,5,480,6.897731483787882
14.0,5,20,0,nan
14.0,20,50,482,8.42244038206196
14.0,50,100,241,18.85498160085491
14.0,100,150,0,nan
14.0,150,200,0,nan
14.0,200,250,0,nan
14.0,250,400,0,nan
20.0,0,5,491,5.501610483448893
20.0,5,20,193,43.08582652591609
20.0,20,50,904,33.98501614075781
20.0,50,100,1088,80.33514088468397
20.0,100,150,1020,137.80073168542856
20.0,150,200,823,186.0507815696464
20.0,200,250,174,327.4066381687758
20.0,250,400,74,341.4853944173619
