omega_bin_center_rad_s,n_points,contrast_envelope
0.0042150625,235,0.399685115
0.0126451875,293,0.3814171955999999
0.0210753125,216,0.3129935985000001
0.029505437500000002,203,0.2622419361999999
0.0379355625,176,0.20877305350000003
0.0463656875,174,0.14979853240000002
0.0547958125,141,0.08658350599999998
0.0632259375,96,0.08172234349999999
0.0716560625,97,0.04897052239999997
0.08008618749999999,74,0.03444923419999999
0.0885163125,46,0.03759414150000001
0.09694643750000001,30,0.040543844099999955
0.10537656249999999,30,0.038802208100000006
0.1138066875,22,0.024233199199999955
0.1222368125,23,0.03424126560000001
0.1306669375,24,0.03572259439999992
0.1390970625,18,0.04505556729999997
0.1475271875,20,0.031206508100000047
0.1559573125,11,0.03532513799999992
0.1643874375,17,0.025329664800000026
0.1728175625,18,0.031900643300000066
0.1812476875,16,0.03771321350000004
0.1896778125,10,0.029294213500000013
0.1981079375,9,0.026461426800000028
